Accession,Sequence
1,LRVAPEESPVL
2,LRVAPEEHPVLL
3,YAFGL(Amidated)
4,YSFGL(Amidated)
5,YTFGL(Amidated)
6,YDFGL(Amidated)
7,SYAFGL(Amidated)
8,SYDFGL(Amidated)
9,GPYSFGL(Amidated)
10,SPYAFGL(Amidated)
11,GQYAFGL(Amidated)
12,EAYAFGL(Amidated)
13,GGAYSFGL(Amidated)
14,SDYAFGL(Amidated)
15,NPYAFGL(Amidated)
16,GGPYAFGL(Amidated)
17,GPYEFGL(Amidated)
18,DPYAFGL(Amidated)
19,YAHSFGL(Amidated)
20,AGPYAFGL(Amidated)
21,EPYAFGL(Amidated)
22,NPYSFGL(Amidated)
23,GRYSFGL(Amidated)
24,SGAYSFGL(Amidated)
25,GHYNFGL(Amidated)
26,AAPYAFGL(Amidated)
27,SGPYAFGL(Amidated)
28,AGPYSFGL(Amidated)
29,SPYEFGL(Amidated)
30,GGPYSYGL(Amidated)
31,SVAYGFGL(Amidated)
32,NSYDFGL(Amidated)
33,SQYTFGL(Amidated)
34,VGPYAFGL(Amidated)
35,TGPYAFGL(Amidated)
36,ASPYAFGL(Amidated)
37,AGQYAFGL(Amidated)
38,SGPYSFGL(Amidated)
39,TVAYGFGL(Amidated)
40,GDPYAFGL(Amidated)
41,GGPYEFGL(Amidated)
42,NPYEFGL(Amidated)
43,TAPYAFGL(Amidated)
44,PSAYSFGL(Amidated)
45,AGGAYSFGL(Amidated)
46,AGQYSFGL(Amidated)
47,AGLYSYGL(Amidated)
48,AGHYSFGL(Amidated)
49,SGHYAFGL(Amidated)
50,GKPYAFGL(Amidated)
51,AGPYEFGL(Amidated)
52,ADPYAFGL(Amidated)
53,EPYEFGL(Amidated)
54,DGPYSFGL(Amidated)
55,TPSYAFGL(Amidated)
56,SGQYSFGL(Amidated)
57,AAPYEFGL(Amidated)
58,SGNYNFGL(Amidated)
59,FNGCNFGL(Amidated)
60,KMYDFGL(Amidated)
61,PNPYAFGL(Amidated)
62,RGPYAFGL(Amidated)
63,TGGPYAFGL(Amidated)
64,SAGPYAFGL(Amidated)
65,TPNYAFGL(Amidated)
66,ANQYAFGL(Amidated)
67,SNPYSFGL(Amidated)
68,PSMYAFGL(Amidated)
69,ADLYSFGL(Amidated)
70,ASQYTFGL(Amidated)
71,DGMYSFGL(Amidated)
72,SGHYIFGL(Amidated)
73,SGHYNFGL(Amidated)
74,ARPYAFGL(Amidated)
75,TAGPYAFGL(Amidated)
76,FSGASPYGL(Amidated)
77,ARGYDFGL(Amidated)
78,PDMYGFGL(Amidated)
79,GSGQYAFGL(Amidated)
80,AKSYNFGL(Amidated)
82,QGMYSFGL(Amidated)
83,ADMYSFGL(Amidated)
84,PRVYGFGL(Amidated)
85,ARPYSFGL(Amidated)
86,PDLYSFGL(Amidated)
87,QNNYGFGL(Amidated)
88,AASPYSFGL(Amidated)
89,ARAYDFGL(Amidated)
90,PDMYAFGL(Amidated)
91,ANQYTFGL(Amidated)
93,SDMYSFGL(Amidated)
94,LPVYNFGL(Amidated)
95,Q(Pyro-glu)RAYSFGL(Amidated)
96,KLPYSFGL(Amidated)
97,SRPYSFGL(Amidated)
98,LKAYDFGL(Amidated)
99,LVKYSFGL(Amidated)
100,ATGQYAFGL(Amidated)
101,ARSYNFGL(Amidated)
102,PDMYSFGL(Amidated)
103,SSGQYAFGL(Amidated)
104,SPHYNFGL(Amidated)
106,SPHYDFGL(Amidated)
107,LPLYNFGL(Amidated)
108,PRNYAFGL(Amidated)
109,PRDYAFGL(Amidated)
110,PRVYSFGL(Amidated)
111,TRPYSFGL(Amidated)
113,Q(Pyro-glu)NMYSFGL(Amidated)
114,Q(Pyro-glu)RPYSFGL(Amidated)
115,Q(Pyro-glu)RDYAFGL(Amidated)
116,DRPYSFGL(Amidated)
117,Q(Pyro-glu)RTYSFGL(Amidated)
118,LPMYNFGL(Amidated)
119,DRLYAFGL(Amidated)
120,SRQYSFGL(Amidated)
121,DRTYSFGL(Amidated)
122,APQPYAFGL(Amidated)
123,Q(Pyro-glu)RDYSFGL(Amidated)
124,ERPYSFGL(Amidated)
125,YSKFNFGL(Amidated)
126,SKSPYSFGL(Amidated)
127,FSGTYNFGL(Amidated)
128,TPHTYSFGL(Amidated)
129,PADLYEFGL(Amidated)
130,SPRLTYFGL(Amidated)
131,PATDLYAFGL(Amidated)
132,APTDMYSFGL(Amidated)
133,HGTEGPYPFGL(Amidated)
134,HSPSSASYDFGL(Amidated)
135,EDYDSSDQYSL(Amidated)
136,ERDMHRFSFGL(Amidated)
137,PETERNSYDFGL(Amidated)
138,ANEDEDAASLFAFGL(Amidated)
139,ADSYGLAFGNGGDALEMGL(Amidated)
140,EVPDPETERNSYDFGL(Amidated)
141,PDAEESNKRDRLYAFGL(Amidated)
142,NEVPDPETERNSYDFGL(Amidated)
143,TSDDEDDQYYPYGL(Amidated)
144,AYSYVSEYKRLPVYNFGL(Amidated)
145,DPYAFGLRHTSFVLYAFGL(Amidated)
146,EYDDMYTEKRPKVYAFGL(Amidated)
148,TARGALDLDQSPAYASDLGKRIGSAYSFGL(Amidated)
149,DARGALDLDQSPAYASDLGKRIGSAYSFGL(Amidated)
150,GYEDEDEDRPFYALGLGKRPRTYSFGL(Amidated)
151,GIYGFGL(Amidated)
152,AWSALHGAW(Amidated)
153,AWSNLGQAW(Amidated)
154,QWSSMRGAW(Amidated)
155,AGWSSMRGAW(Amidated)
156,AGWSSTSRAW(Amidated)
158,NWNKFQGSW(Amidated)
159,AGWNKFQGSW(Amidated)
160,TSWGKFQGSW(Amidated)
161,VTWGKFQGSW(Amidated)
162,TGWNKFQGSW(Amidated)
163,SGDWSSLRGAW(Amidated)
164,GNWNKFQGSW(Amidated)
165,GSNWSNLRGAW(Amidated)
166,NNWSGAFKGSW(Amidated)
167,NNWSKFQGSW(Amidated)
168,NDWSKFGQSW(Amidated)
169,GVNWSNLRGAW(Amidated)
170,SGKWSNLRGAW(Amidated)
171,TNWNKFQGSW(Amidated)
172,SKWNKFQGSW(Amidated)
173,LGNWSNLRGAW(Amidated)
174,STNWSSLRSAW(Amidated)
175,STDWSSLRSAW(Amidated)
176,NNNWSKFQGSW(Amidated)
177,NPDWAHFRGSW(Amidated)
178,NNNWTKFQGSW(Amidated)
179,TQNWTKFQGSW(Amidated)
180,LNWNKFQGSW(Amidated)
181,VPNDWAHFRGSW(Amidated)
182,LGNWNKFQGSW(Amidated)
183,MFAPLAWPKGGARW(Amidated)
184,LNNNWSKFQGSW(Amidated)
185,LMFAPLAWPKGGARW(Amidated)
186,DPYAFGLGKRPADL
187,EPYAFGLGKRPATDL
188,DPYAFGLGKRPDMYGFGL(Amidated)
189,DPYAFGLGKRPDMYAFGL(Amidated)
190,GSGQYAFGLGKKAGGAYSFGL(Amidated)
191,DPYAFGLGKRPADLYEFGL(Amidated)
192,EPYAFGLGKRPATDLYAFGL(Amidated)
193,E(Pyro-glu)VRFRQCYFNPISCF
194,SYWKQCAFNAVSCF(Amidated)
195,Q(Pyro-glu)IRYHQYFNPISCF
196,GFKNVEMMTARGF(Amidated)
197,RSYGECETLPSTIHISKEEYDDTGRLVRVCEEDVAVNKCEGACVSKVQPSVNTPSGFLKDCRCCREVHLRARDITLTHCYDGDGARLSGAKATQHVKLREPADCQCFKCGDSTR
198,DECSLRPVIHILSYPGCTSKPIPSFACQGRCTSYVQVSGSKLWQTERSMCCQESGEREAAITLNCPKPRPGEPKEKKVLTRAPIDCMCRPCTDVEEGTVLAQKIANFIQDSMPDSVPFLK
199,GLDLGLGRGFSGSQAAKHLMGLAAANFANFAGGP(Amidated)
200,PFCNAFTGC(Amidated)
201,E(Pyro-glu)LYAFPRV(Amidated)
202,DIGDLLEGKD
203,SLFDPSCSGVFDRELLGRLNRVCDDCYNVFRDPKVAMECKSNCFLNPAFIQCLEYLLPEDLHEEYQSHQVV(Amidated)
204,E(Pyro-glu)VFDQACKGIYDRAIFKKLDRVCEDCYNLYRKPYVATTCRQNCYANSVFRQCLDDLLLIDVLDEYISGVQTV(Amidated)
205,E(Pyro-glu)IYDTSCKGVYDRGLFSDLEHVCDDCYNLYRNSYVASACRSNCYSNVVFRQCMEELLLMDEFDKYARAVQIV
206,E(Pyro-glu)IYDTSCKGVYDRGLFSDLEHVCDDCYNLYRNSYVASACRSNCYSNVVFRQVMEELLLMEEFDKYARAVQIV(Amidated)
207,QIYDSSCKGVYDRGLFSDLEHVCDDCYNLYRNSYVASACRSNCYSNVVFRQVMEELLLMEEFDKYARAVQIV(Amidated)
208,QIYDSSCKGVYDRGLFSDLEHVCDDCYNLYRNSYVASACRSNCYSNVVFRQCMEELLLMEEFDKYARAVQIV
211,QIYDTSCKGVYDRGLFSDLEHVCDDCYNLYRNSYVASACRSNCYSNVVFRQCMEELLLMEEFDKYARAVQIV
212,SFFDIQCKGNYDKSIFARLDRICEDCYNLFREPQLHSLCRSDFKSPYFKGCLQALLLIDEEEKFNQMVEIL(Amidated)
213,EVFDQACKGVYDRNLFKKLDRVCEDCYNLYRKPFVATTCRENCYSNWVFRQCLDDLLLSNVIDEYVSNVQM
214,Q(Pyro-glu)IYDTSCKGVYDRALFNDLEHVCDDCYNLYRTSYVASACRSNCYSNLVFRQCMDDLLMMDEFDQYARKVQMV(Amidated)
215,E(Pyro-glu)VFDQACKGVYDRNLFKKLDRVCEDCYNLYRKPFVATTCRENCYSNWVFRQCLDDLLLSDVIDEYVSNVQMV(Amidated)
216,Q(Pyro-glu)IYDTSCKGVYDRALFNDLEHVCDDCYNLYRTSYVASACRNNCFENEVFDVCVYQLYFPNHEEYLRSRDGLKG
217,E(Pyro-glu)VFDQACKGVYDRNLFKKLNRVCEDCYNLYRKPFIVTTCRENCYSNRVFRQCLDDLLMIDVIDEYVSNVQMV(Amidated)
218,RYVFEECPGVMGNRAVHGKVTRVCEDCYNVFRDTDVLAGCRKGCFSSEMFKLCLLAMERVEEFPDFKRWIGLLNA(Amidated)
219,Q(Pyro-glu)IYDTSCKGVYDRALFSDLEHVCDDCYNLYRSSYVASECRRNCYSNVVFRQCMEELLLLMEEFDKYARAVQIV(Amidated)
220,SYIENTCRGVMGNRDIYKKVVRVCEDCTNIFRLPGLDGMCRDRCFNNEWFLVCLKAANRDDELDKFKVWISILNPGL
221,SFIDNRCRGVMGNRDIYKKVVRVCEDCTNIFRLGLDGMCRNRCFYNEWFLICLKAANREDEIEKFRVWISILNAGQ
222,ASAWFTNDECPGVMGNRDLYEKVAWVCNDCANIFRNNDVGVMCKKDCFHTMDFLWCVYATERHGEIDQFRKWVSILRA(Amidated)
223,ASAWFTNDECPGVMGNRDLYEKVAWVCNDCANIFRNNDVGVMCKKDCFHTMWFLWCVYATERHGEIDQFRKWVSILR
224,RVINDECPNLIGNRDLYKKVEWICEDCSNIFRKTGMASLCRRNCFFNEDFVWCVHATERSEELEDLEEWVGILGAGRD
225,RVINDDCPNLIGNRDLYKKVEWICEDCSNIFRNTGMATLCRKNCFFNEDFLWCVYATERTEEMSQLRQWVGILGAGRE
226,RVINDDCPNLIGNRDLYKRVEWICEDCSNIFRNTGMATLCRKNCFFNEDFLWCVYATERTEEMSQLRQWVGILGAGRE
227,RRINNDCQNFIGNRAMYEKVDWICKDCANIFRQDGLLNNCRSNCFYNTEFLWCIDATENTRNKEQLEQWAAILGAGWN
228,RRINNDCQNFIGNRAMYEKVDWICKDCANIFRKDGLLNNCRSNCFYNTEFLWCIDATENTRNKEQLEQWAAILGAGWN
229,FFEDINCKGLYDKSIFARLDRICQDCYSLYREPELHTLCRKNCFTTNYFKGCLDALLINDEKDIQRVMKDISIIHQIPI
230,Q(Pyro-glu)TFQYSRGWTN(Amidated)
231,PGGLVHPVE
232,FLSQDHSV
233,RSAEGLGRM(Amidated)
234,GFLSQDVHS
235,RSAEGLGRMG
236,FLSQDHSVN
237,PLGFLSQDHS
238,GFLSQDHSVN
239,RSVEGVSRME
240,RGFEGETGHPN
241,PLGFLSQDHSV
242,LGFLSQDHSVN
243,SLKSDTVTPLR
244,SDTVTPLRGFE
245,SLKSDTVTPLLG
246,RSAQGLGKMER
247,LSSSNSPSSTPLG
248,SVEGVSRMEKL
249,DLKSDTVTPLR
250,ASLKSPTVTPLR
251,ASLKSDTVTPLR
252,STPLGFLSQDHS
253,TPLGFLSQDHSV
254,RSAEGLGRMGRL
255,KLLSSSNSPSSTP
256,PLGFLSQDHSVN
257,KLLSSISPSSTPL
258,RSAQGMGKMEHL
259,LLSSSNSPSSTPL
260,RSAQGLGKM(Oxidation)ERL
261,RSVEGASRMEKL
262,RSAQGMGKMERL
263,SSTPLGFLSQDHS
264,PLGDLSGSLGHPVE
265,RSAEGLGRVGRLL
266,RSVEGVSRMEKL
267,LASLKSDTVTPLR
268,TPLGFLSQDHSVN
269,RSAEGLGRMGRLL
270,KLLSSISPSSMPLG
271,KLLSSSNSPSSTPL
272,RSAQGMGKMEHLL
273,RSAQGLGKMERLL
274,KLLSSSNSPSSTPLG
275,TPLGDLSGSLGHPVE
276,STPLGFLSQDHSVN
277,RSVEGASRMEKLL
278,RSTPGYGRMDRIL
279,RSAQGMGKMEHLLA
280,RSAQGLGKMERLLA
281,SMPLGFLSQDHSVN
282,KLLSSISPSSTPLGF
283,RSTQGYGRMDPIL
284,RSVEGASRMEKLLS
285,RSVEGASRMEKLLT
286,SSTPLGFLSQDHSVN
287,RSVEGVSRMEKLLS
288,NTPLGDLSGSLGHPVE
289,RSVEGVSRMEKLLT
290,RSAQGLGKMERLLAS
291,KLLSSSNSPSSTPLGF
292,PSAALAVEHGTTHPLE
294,TPLRGFEGETGHPLE
295,KLLSSISPSSTPLGFL
296,RSVEGASRMEKLLSS
297,RSTPGYGRMDRILAA
298,NSPSSTPLGFLSQDHS
299,PSSTPLGFLSQDHSVN
300,RSTQGYGRMDRILAA
301,KLLSSSNSPSSTPLGFL
302,SISPSSTPLGFLSQDHS
303,RSAQGLGKMEHLLASY
304,ISPSSMPLGFLSQDHSV
305,RSAQGLGKMERLLASY
306,RSAQGLGKYLRLLASY
307,RSAQGLGKMERLLVSY
308,SSISPSSTPLGFLSQDHS
309,SSNSPSSTPLGFLSQDHS
310,SISPSSTPLGFLSQDHSV
311,SNSPSSTPLGFLSQDHSV
312,KLLSSISPSSTPLGFLSQ
313,ISPSSMPLGFLSQDHSVN
314,NSPSSTPLGFLSQDHSVN
315,SSISPSSTPLGFLSQDHSV
316,SSNSPSSTPLGFLSQDHSV
317,SISPSSTPLGFLSQDHSVN
318,ALEPNTPLGDLSGSLGHPVE
319,SSSNSPSSTPLGFLSQDHSV
320,LSSSNSPSSTPLGFLSQDHS
321,LSSISPSSTPLGFLSQDHSV
322,SSISPSSTPLGFLSQDHSVN
323,GALEPNTPLGDLSGSLGHPVE
324,SSNSPSSTPLGFLSQDHSVN
325,RSVEGVSRMEKLLSSISPS
326,SPMEPSAALAVEHGTTHPLE
327,RSVEGASRMEKLLSSSNSPS
328,LSSSNSPSSTPLGFLSQDHSV
329,SSSNSPSSTPLGFLSQDHSVN
330,LLSSISPSSTPLGFLSQDHSV
331,LSSISPSSTPLGFLSQDHSVN
332,TSPMEPSAALAVEHGTTHPLE
333,RGALEPNTPLGDLSGSLGHPVE
334,LLSSSNSPSSTPLGFLSQDHSV
335,LSSSNSPSSTPLGFLSQDHSVN
336,LLSSISPSSTPLGFLSQDHSVN
337,KLLSSSNSPSSTPLGFLSQDHS
338,KLLSSISPSSTPLGFLSQDHSV
339,LLSSSNSPSSTPLGFLSQDHSVN
340,YRGALEPNTPLGDLSGSLGHPVE
341,KLLSSSNSPSSTPLGFLSQDHSV
342,KLLSSISPSSTPLGFLSQDHSVN
343,KLLSSISPSSMPLGFLSQDHSVN
344,RSVEGVSRMEKLLSSISPSSMPL
345,KLLSSSNSPSSTPLGFLSQDHSVN
346,RASQGLGKMERLLASRGALEPN
347,RSVEGVSRMEKLLSSISPSSTPLG
348,EKLLSSISPSSTPLGFLSQDHSVN
349,RSVEGVSRMEKLLSSISPSSMPLG
350,RSVEGASRMEKLLSSSNSPSSTPLG
351,MEKLLSSSNSPSSTPLGFLSQDHSV
352,LASYRGALEPNTPLGDLSGSLGHPVE
353,LASYRGAVEPNTPLGDLPGGLVHPVE
354,MEKLLSSSNSPSSTPLGFLSQDHSVN
355,RSVEGASRMEKLLSSSNSPSSTPLGF
356,LLASYRGALEPNTPLGDLSGSLGHPVE
357,RSVEGVSRMEKLLSSISPSSTPLGFL
358,RSVEGASRMEKLLSSSNSPSSTPLGFL
359,RSVEGVSRMEKLLSSISPSSTPLGFLSQ
360,RSVEGASRMEKLLSSSNSPSSTPLGFLSQ
361,WSVDGLARIEKLLSTSSSASAASPTRGQALNL
362,WSLDGLARIEKLLSTSSSASAASPTRGQALNL
363,SVEGVSRMEKLLSSISPSSTPLGFLSQDHSVN
364,RSVEGASRMEKLLSSSNSPSSTPLGFLSQDHS
365,RSVEGVSRMEKLLSSISPSSTPLGFLSQDHSV
366,RSVEGVSRMEKLLSSISPSSMPLGFLSQDHSV
367,RSVEGASRMEKLLSSSNSPSSTPLGFLSQDHSV
368,RSVEGSSRMERLLSSGSSSSEPLSFLSQDQSVS
369,RSVEGASRMEKLLSSISPSSTPLGFLSQDHSVN
370,RSVEGSSRMERLLSSGSSSSEPLSFLSQDHSVS
371,RSVEGASRMEKLLSSISPSSTPLGFLSQEHSVN
372,RSVEGSSRMERLLSSGSSSSEPLSFLSQDQSVN
373,RSVEGVSRMEKLLSSISPSSTPLGFLSQDHSVN
374,RSVEGVSRMEKLLSSISPSSMPLGFLSQDHSVN
375,RSVEGASRMEKLLSSSNSPSSTPLGFLSQDHSVN
376,RSVEGASRMEKLLSSSNSPSSTPLGFLSQEHSVN
377,AQGLGKMERLLASYRGALEPNTPLGDLSGSLGHPVE
378,SAQGLGKMERLLASYRGALEPNTPLGDLSGSLGHPVE
379,RSAEGFGRMGRLLASLKADSLGPVQDFGVEGAAHPVE
380,RSAEGLGRMGRLLASLKSDTVTPLRGFEGETGHPLE
381,RSAQGLGKMEHLLASYRGALEPNTPLGDLSGSLGHPVE
382,RSAQGLGKMERLLASYRGALEPNTPLGDLSGSVGHPVE
383,RSAQGMGKMERLLASYRGALEPSTPLGDLSGSLGHPVE
384,RSAQGMGKMEHLLASYRGALESNTPTGDLPGGLVHPVE
385,RSAQGLGKMERLLASYRGALEPNTPLGDLSGSLGHPVE
386,RSAQGMGKMEHLLASYRGALESNTPLGDLPGGLVHPVE
387,RSAQGLGKMERLLVSYRGAVEPNTPLGDLSGSLGHPVE
388,RSAQGMGKMERLLASYRGAVEPNTPLGDLPGGLVHPVE
389,RSAQGMGKMERLLASYRAAVEPNTPLGDLPGGLVHPVE
390,RSTPGYGRMDRILAALKTSPMEPSAALAVEHGTTHPLE
391,RSTQGYGRMDRILAALKTSPMEPSAALAVENGTTHPLE
392,RSTQGYGRMDRILAALKTSPMEPSAALAVQHGTTHPLE
393,RSTQGYGRMDRILAALKTSPMEPSAALAVEHGTTHPLE
394,RSAEGFGRMERLLASIRGGADSMGHLGELTGAGEGAGHPLE
395,KIFEPLR
396,YKIFEPL
397,KIFEPLVA
398,YKIFEPLR
399,YKIFEPLRE
400,KIFEPLRDKN
401,YKIFEPLRES
402,KIFEPLRDKNL
403,KIFEPLREDNL
404,YKIFEPLRESN
405,YKIFEPLRESNL
406,DPSPEPFNPNYNRFRQKIPRI(Amidated)
407,AVAANRKVSICIKNCGQCKKMYTDYFNGGLCGDFCLQTEGRFIPDCNRPDILIPFFLQRLE
408,AFSPWA(Amidated)
409,DFSAWA(Amidated)
410,ASFSPWG(Amidated)
411,YFSPWG(Amidated)
412,PAFSPWG(Amidated)
413,VAFSPWG(Amidated)
414,E(Pyro-glu)AFSPWA(Amidated)
415,VRFSPWG(Amidated)
416,KVKFSAWG(Amidated)
417,DYMGWMDF(Amidated)
418,Q(Pyro-glu)DLDHVFLR
419,APRCDRHDEEAPKNCKYGTTQDWCKNGVCAKGPGETCGGYRWSEGKCGEGTPCSCGICGGCSPFDGKCGPTSIC
420,EIDRSGFGF
421,NFDEIDRSA
422,EIDRSGFGFA
423,FDEIDRSGFG
424,FDEIDRSGFA
425,EIDRSSFGFN
426,FDEIDRSSFA
427,NFDEIDRSGF(Amidated)
429,SSEDMDRLGFG
430,DEIDRSGFGFA
431,SSEDMDRLGFA
432,NFDEIDRSSF(Amidated)
433,NFDEIDRSGFG
434,DFDEIDRSGFG
435,NFDEIDRSGFA
436,DFDEIDRSGFA
437,VYGPRDIANLY
438,NFDEIDRSSFG
439,DFDEIDRSSFG
440,NFDEIDRSSFA
441,DFDEIDRSSFA
442,FDEIDRSGFGFA
443,NFDEIDRSGFGF
444,NFDEIDRSSFGF
445,NFDEIDRAGFGFA
446,SSEDMPSSLGFGFN
447,NFDEIDRSGFGFA
448,DFDEIDRSGFGFA
450,NFDEIDRSGFGFV
451,DFDEIDRSGFGFV
452,DFEDIERSGFGFV
453,NFDEIDRSSFGFA
454,DFDEIDRSSFGFA
455,NFDEIDRSGFGFN
456,NFDEIDRSSFGFV
457,DFDEIDRSSFGFV
458,NFDEIDRSGFGFH
459,NFDEIDRSSFGFN
460,DFDEIDRSSFGFN
461,NFDEIDRTGFGFH
462,TPRDIANLY(Amidated)
463,FDAFTTGF(Amidated)
464,FPAFTTGFGSH
465,FDAFTTGFGHS
466,FDAFTTGFGHN
467,YGGFL
468,YGGFM
469,IYR(Amidated)
470,KPKTEKK
471,DLPKVDTALK
472,GPSGGFNGALAR
473,AVLLPKKTEKK
474,EVEEPEAPAPPAK
475,QELHVPEREA
476,NSGMINSILGIPRVMTEA(Amidated)
477,NSELINSLLGIPKVMNDA(Amidated)
478,NSELINSILGLPKVMNDA(Amidated)
479,NSELINSILGLPKVMNEA(Amidated)
480,NSELINSLLGISRLMNEA(Amidated)
481,QEVNVSEREAVATLAAHILKVVCAPLEGAGGLPHKRNSELINSILGLPKVMNEA(Amidated)
482,QELHVPEREAVANLAARILKIVHAPHDAAGVPHKRNSELINSLLGISALMNEA(Amidated)
483,QREPTASKCQAATELAIQILQAVKGAHTGVAAGPHKRNSELINSLLGLPKFMIDA(Amidated)
484,QDLKYQAREMVAELAQQIYRVAQAPQAGAVGPHKRNSELINSILGLPKVMNDA(Amidated)
485,DSSLKYFEREVVSELAAQILRVAQGPSAFVAGPHKRNSELINSLLGIPKVMTDA(Amidated)
486,QELKYPEREVVAELAAQIYRVAQAPWAGAVGPHKRNSELINSILGLPKVMNEA(Amidated)
487,QDLKYQEREMVAELAQQIYRVAQAPWAGAVGPHKRNSELINSILGLPKVMNDA(Amidated)
488,QEDLKYFEREVVSELAAQILRVAQGPSAFVAGPHKRNSELINSLLGIPKVMNDA(Amidated)
489,QELKYQEREMVAELAQQIYRVAQAPWAAAVGPHKRNSELINSILGLPKVMNDA(Amidated)
490,QDLNPTEKEVLSNMLDFLQRHSRTTYMFPLLSESKRNSELINSLLGAPRVLNNA(Amidated)
491,QSRDFSISEREIVASLAKQLLRVARMGYVPEGDLPRKRNAELINSLLGVPRVMSDA(Amidated)
492,RYLPT
493,FSPRL(Amidated)
494,LYFAPRL(Amidated)
495,TSFAFSPRL(Amidated)
496,SGGFAFSPRL(Amidated)
497,TNFAFSPRL(Amidated)
498,TDGFAFSPRL(Amidated)
499,NFLRF(Amidated)
500,EFLRF(Amidated)
501,GPFLRF(Amidated)
502,RF(Amidated)
503,HVFLRF(Amidated)
504,LRNLRF(Amidated)
505,ASNNLRF(Amidated)
506,RSFLRF(Amidated)
507,MPYLRF(Amidated)
508,GNSFLRF(Amidated)
509,RNFLRF(Amidated)
510,Q(Pyro-glu)GNFLRF(Amidated)
511,RQFLRF(Amidated)
512,DPSFLEF(Amidated)
513,PSLRLRF(Amidated)
514,LTRPLRF(Amidated)
515,LNFTHKF(Amidated)
516,PSMRLRF(Amidated)
517,LNPFLRF(Amidated)
518,GRNFLRF(Amidated)
519,THPFLRF(Amidated)
521,ETNFLRF(Amidated)
522,SKNYLRF(Amidated)
523,ELNFLRF(Amidated)
524,NRSFLRF(Amidated)
525,SRNFLRF(Amidated)
526,LNRSFLRF(Amidated)
527,APALRLRF(Amidated)
528,PGVNFLRF(Amidated)
529,TRNFLRF(Amidated)
530,SRNYLRF(Amidated)
531,FDDFLRF(Amidated)
532,Q(Pyro-glu)RNFLRF(Amidated)
533,NRNFLRF(Amidated)
534,DRNFLRF(Amidated)
535,GPKNFLRF(Amidated)
536,NPSNFLRF(Amidated)
537,NPSDFLRF(Amidated)
538,SGRNFLRF(Amidated)
539,GPRNFLRF(Amidated)
540,LRQFLRF(Amidated)
541,PKSNFLRF(Amidated)
542,ADKNFLRF(Amidated)
543,APRNFLRF(Amidated)
544,GNRNFLRF(Amidated)
545,GDRNFLRF(Amidated)
546,DHVPFLRF(Amidated)
547,AHKNFLRF(Amidated)
548,NQPNFLRF(Amidated)
549,SPRNFLRF(Amidated)
550,GPPSLRLRF(Amidated)
551,GHRNFLRF(Amidated)
552,APQGNFLRF(Amidated)
553,YAIAGRPRF(Amidated)
554,FSDRNFLRF(Amidated)
555,LTHPFLRF(Amidated)
556,AHRNFLRF(Amidated)
557,DRNFVLRF(Amidated)
558,FTNRNFLRF(Amidated)
559,LETNFLRF(Amidated)
560,SDRNYLRF(Amidated)
561,TNYGGFLRF(Amidated)
562,LELNFLRF(Amidated)
563,DGGRNFLRF(Amidated)
564,LPGVNFLRF(Amidated)
565,ENRNFLRF(Amidated)
566,LFDDFLRF(Amidated)
567,GAHKNYLRF(Amidated)
568,AQPSMRLRF(Amidated)
569,APNKNFLRF(Amidated)
570,SMPSLRLRF(Amidated)
571,LNRNFLRF(Amidated)
572,LDRNFLRF(Amidated)
573,YEQDFLRF(Amidated)
574,SMPTLRLRF(Amidated)
575,SQPSMRLRF(Amidated)
577,AYPSLRLRF(Amidated)
578,RDRNFLRF(Amidated)
579,TGNRNFLRF(Amidated)
580,GLSRNYLRF(Amidated)
581,DGPLAPFLRF(Amidated)
582,VSHNNFLRF(Amidated)
583,LNPSNFLRF(Amidated)
584,SQGLNSDLRF(Amidated)
585,EFVDPNLRF(Amidated)
586,DGNRNFLRF(Amidated)
587,PYFYSQVSRPRF(Amidated)
588,GYSKNYLRF(Amidated)
589,LGRPNFLRF(Amidated)
590,EMPSLRLRF(Amidated)
591,APQRNFLRF(Amidated)
592,ALDRNFLRF(Amidated)
593,GYNRSFLRF(Amidated)
594,YGNRPHLRF(Amidated)
595,QYFMRLFR(Amidated)
597,FEPSLRLRF(Amidated)
598,LGDRNFLRF(Amidated)
599,PYFYSLRARPRF(Amidated)
600,AYNRSFLRF(Amidated)
601,FTSKNYLRF(Amidated)
602,ARPRNFLRF(Amidated)
603,LNQPNFLRF(Amidated)
604,LSPRNFLRF(Amidated)
605,SENRNFLRF(Amidated)
606,LTNRNFLRF(Amidated)
607,DQNRNFLRF(Amidated)
608,DENRNFLRF(Amidated)
609,LTNYGGFLRF(Amidated)
610,NYDKNFLRF(Amidated)
611,E(Pyro-glu)DVVHSFLRF(Amidated)
612,SQPSKNYLRF(Amidated)
613,GYGDRNFLRF(Amidated)
614,DRTPALRLRF(Amidated)
616,HDSPHVFLRF(Amidated)
617,LYEQDFLRF(Amidated)
618,AYSNLNYLRF(Amidated)
619,LTGNRNFLRF(Amidated)
620,HDLVQVFLRF(Amidated)
621,EPLDHVFLRF(Amidated)
622,Q(Pyro-glu)DLDHVFLRF(Amidated)
623,HPLSFVSALRF(Amidated)
624,Q(Pyro-glu)DNDHVFLRF(Amidated)
625,YGSDRNFLRF(Amidated)
626,LDGPLAPFLRF(Amidated)
627,DTSTPALRLRF(Amidated)
628,AYSDRNFLRF(Amidated)
629,GYSVGLNYLRF(Amidated)
631,LAPQRNFLRF(Amidated)
632,GYSDRNYLRF(Amidated)
633,DGRTPALRLRF(Amidated)
634,AYSDRNYLRF(Amidated)
635,LAYNRSFLRF(Amidated)
636,DARTAPLRLRF(Amidated)
637,DVRTPALRLRF(Amidated)
638,Q(Pyro-glu)FDEY(Sulfo)GHMRF(Amidated)
639,GGGEYDDYGHLRF(Amidated)
640,KPDPSQLANMAEALKYLEQELDKYYSQVSRPRF(Amidated)
641,E(Pyro-glu)VNFSPGW(Amidated)
642,E(Pyro-glu)LNFSSGW(Amidated)
643,E(Pyro-glu)VNFSTGW(Amidated)
644,E(Pyro-glu)LNFSPGW(Amidated)
645,E(Pyro-glu)INFSPGW(Amidated)
647,E(Pyro-glu)LNFSTGW(Amidated)
648,E(Pyro-glu)VNFSPSW(Amidated)
649,EVNFSTSW(Amidated)
650,E(Pyro-glu)LNFSPSW(Amidated)
651,FVGGSRY(Amidated)
652,FVNSRY(Amidated)
653,FYANRY(Amidated)
654,GFVSNRY(Amidated)
655,FYSQRY(Amidated)
656,IFVGGSRY(Amidated)
657,RFVGGSRY(Amidated)
658,SGFYAPRY(Amidated)
659,SGFYANRY(Amidated)
660,SGFYADRY(Amidated)
661,LGFVSNRY(Amidated)
662,RFYANRY(Amidated)
663,VGFYANRY(Amidated)
664,LFYSQRY(Amidated)
665,SRFVGGSRY(Amidated)
666,EWYSQRY(Amidated)
667,Q(Pyro-glu)GFYSQRY(Amidated)
668,PAFYSQRY(Amidated)
669,SSRFVGGSRY(Amidated)
670,LSGFYANRY(Amidated)
671,LEWYSQRY(Amidated)
672,LSSRFVGGSRY(Amidated)
673,YANRY(Amidated)
674,RKPPFNG
675,GYRKPPFNGSIF(Amidated)
676,AYRKPPFNG
677,VYRKPPFNG
678,APSFGQ(Amidated)
679,GFLGMR(Amidated)
680,SGFLGMR(Amidated)
681,APSGFLGM
682,PSGFLGMR(Amidated)
683,APSGFLGMR(Amidated)
687,TPSGFLGMR(Amidated)
689,APSGFLGMRG
690,YPSGFLGMR(Amidated)
693,E(Pyro-glu)AFSPWA(Amidated)
694,E(Pyro-glu)VNFSPGW(Amidated)
695,E(Pyro-glu)LNFSSGW(Amidated)
697,E(Pyro-glu)LNFSPGW(Amidated)
698,E(Pyro-glu)LNFSTGW(Amidated)
699,E(Pyro-glu)VNFSPSW(Amidated)
700,E(Pyro-glu)VNFSTSW(Amidated)
701,E(Pyro-glu)LNFSPSW(Amidated)
702,E(Pyro-glu)LYAFPRV(Amidated)
703,E(Pyro-glu)DVVHSFLRF(Amidated)
704,E(Pyro-glu)VRFRQCYFNPISCF
706,E(Pyro-glu)INFSPGW(Amidated)
707,EFDDY(Sulfo)GHMRF(Amidated)
708,TSGGEDDY(Sulfo)GQDDYGHLRF(Amidated)
709,ERAYSFGL(Amidated)
710,ERPYSGL
711,TSWFKFQGSW
712,RVINDDCPNLIGNR
713,RVINDDCPNLIGNRD
714,KVEWICEDCSNIFR
715,VEWICEDCSNIFR
716,VINDDCPNLIGNR
717,VINDDCPNLIGNRDLYK
718,NTGMATLCR
719,KNCFFNEDFLWCVYATER
720,NCFFNEDFLWCVYATER
721,RRINNDCQNFIGNRAMYE
722,VDWICKDCANIFR
723,RINNDCQNFIGNR
724,DCANIFR
725,DCANIFRQDGLLNNCR
726,CANIFRKDGLLNNCRSNCFYNTE
727,INNDCQNFIGNR
728,QDGLLNNCR
729,SNCFYNTEFLWCIDATENTR
730,EQLEQWAAILGAGWN
731,QWAAILGAGWN
732,NSELINSLLGLSRLMNEA
733,PFNAFTG
734,KHKNYLRF(Amidated)
735,GGRNFLRF(Amidated)
736,EGFYSQRY
737,NFDELDRSGFGFH
738,APSGFQ
739,AAGLQNYDFG
740,AGLSALYSFG
741,ALTTLYAFGL(Amidated)
742,APRPYSFGL(Amidated)
743,GPPYSFGL(Amidated)
744,GSGQYAYGLGKAGQYSFGL(Amidated)
745,NGSYPFGL(Amidated)
746,NVYSFGL(Amidated)
747,QWLYSMFGL(Amidated)
748,RNMYSFGL(Amidated)
749,THPTYSFGL(Amidated)
750,TPQANSFGL(Amidated)
751,AGWSSLKGAW(Amidated)
752,AWSNLQGAW(Amidated)
753,RVINDDCPNLIGNRDLYKKVEWICDDCANIYRSTGMASLCRKDCFFNEDFLWCVRATERSEDLAQLKQWVTILGAGRI
754,EGRF(Amidated)
755,DDNFLRF(Amidated)
756,GHDFEVFLRF(Amidated)
757,GNNFLRF(Amidated)
758,GRPNFLRF(Amidated)
759,NVGSHGFLRF(Amidated)
760,PSDNFLRF(Amidated)
761,YGAHVFLRF(Amidated)
762,YGNRSFLRF(Amidated)
763,DLDSVLDPSIF(Amidated)
764,CPELGRF(Amidated)
765,SGYNANRY(Amidated)
766,FPAFTTGFGHS
767,SGYSFGL(Amidated)
768,HSPSYASSDFGL(Amidated)
769,SGSYNFGL(Amidated)
770,PRAYSFGL(Amidated)
771,PKTYSFGL(Amidated)
772,PRTYSFGL(Amidated)
773,ALGVYGDSRQNYDFGL(Amidated)
774,SPSDVSDSYTL(Amidated)
775,ETIEEDEDDHTKMAADNKALPYPPSSSSSSSSSS
776,SVRDVGSEEEDK
777,ISDEEEEEED
778,TDSQYDNYN
779,QEDVGFS
780,DQDSDLE
781,DDDSDVE
782,EDDSDIE
783,EDDSDVE
784,ADEEDDEEEEEEEDEEEGLDVDVVEDLA
785,EPYGWSLLLWAWQERTLCI
786,AWKEASNRLI
787,IRAWQ
788,PLRFRAWQTTC
789,SL
790,GGWNKFQGSW(Amidated)
791,QDEGSGLAGAQA
792,TPDDTPEHGLQVSED
793,GEEIQDAEE
794,ADDMTEEAALQAAED
795,GDEVASEDDFQDGED
796,QDDLIHLQDLED
797,TPDTLISA
798,LPA
799,VPDAPKEVSKGHEGGRLQ
800,AAASSASDTSEEELAALKDIILARLAAELDDSWQDLPSF
801,DLLKGDMDEEEDDEGDEGS
802,EDV
803,MFAPLSGLPGNLRTI
804,LEDDGTLDAALINYLFAKQLVQRLRTPSEVSREAQ
805,HGPVKVGCLNYGHSCLGAH(Amidated)
806,SVDKTEE
807,ALPTRASVSCLLFSRRC
808,RPVTL
809,DIDSLLERKI
810,SDPKLEGLASGSELNDNKNVLAEARLWEQLQSEMETMRLLAS
811,IDGRPTY
812,SLNHPQHDCTHSAQTIDHKVTCTQL
813,GPVYPQHTASPVQSQALPGEAKQL
814,DHGLDMGLGRGFSGSQAAKHLMGIAAANYAGGP(Amidated)
815,AKELEKFVRSSSGA
816,ESEAATIDQHHDDHHLAVQQHSAAAAAAAPAGLSPHSS
817,SSGLSLSIDASMKVLREALYLEIARKKQRQQLQRAQHNKALLNTI(Amidated)
818,LSLEGVRGAHGPP
819,NPRYM
820,FTEYQPRNSAEANNNSNNRKA
821,DSRNS
822,SVTNNNTNNNNNNNSLTSSTSTGTSTTPNNNNNNNNKLANNHNSGMF
823,AWPHSFS
824,DVASQLVGVDQGVALQNARN
825,SSSEEDKHRF(Amidated)
826,SEED
827,GDSSSVEDMDVLPETEDTIE
828,SVDRQLSEQKTRDAPVAPTATIHSPAKTQESHRS
829,SVDRQLSEQKTRDAPVAPTATIHSPAKTQESHRS
830,SDEDDASDMMMMDPASYNRYV
831,IGSEFL(Amidated)
832,MGSEFL(Amidated)
833,DEGVGEVA
834,GGGSSRDPML
835,YLLVAMAQPGPRYAAPQILSRGV
836,SPVVESPEVVESPEPGKTCESGSCVTEEDHDHADDL
837,EQLSFTGQYNEQEGSDGLQDEPD
838,VLGALSRSRLA
839,YLSLLMN
840,AVG
841,HIGSLYRS
842,HIGSLYRD
843,HYSSLLR(Amidated)
844,HIGSLYLSED
845,FLGSVLRQDGRLPIWGF
846,SFGVQQDSDSDHNDALTLPAASPVEGIPSQSPQTQALE
847,HLSSLARNNAYPKDLRE
848,YFASLLKSRAFGDDSKLIPHNAAGDSEPHLQ
849,FYASLLKSDSPPQTAYLNSMFYRQD
850,HYSSLLRNGPLPFIQD
851,HFGSLLKSPSYRAISIP(Amidated)
852,SPNAVEDPEDNPVRELEDIRDLSSGFDGDLDLHDRLVAAGVISPGLSVRGDTQDLEALLTAWYAAATSGQD
853,DEDSLYQDLNED
854,NEDNLLNLSED
855,DEDNSYYDLNED
856,DEDNLYYDLNED
857,DEDNMYQNLLED
858,DEDNFQGLSED
859,DEDNSQNLAED
860,DEDNSQNLSED
861,DEDNTNSLSED
862,LCGWKLANELNRVCKGVYNKPTVSTNALFYLKERG(Amidated)
863,GLSAECCRKACSVSELAGYCY
864,SPRTLPEGEAVSEGE
865,VDLWPLGIELQFPPWTQAPADE
866,ANQIIESHQPDKPMEQSLGESQRLVFLTGPEASQVVSGLPRV
867,CFITNCPPG(Amidated)
868,SGGLMSQLGRARTCTSCGPGLLGRCIGPDICCGPRIGCFLGSRET
869,LC
870,TENMVPITCFNSDLKPCGRMQE(Amidated)
871,PRFDLLSTSRDSWEEQ
872,SAWA(Amidated)
873,FNAWA(Amidated)
874,SDDNKSQKFSGGTENHNNEENQDQFLLW
875,DDAFHSPESRFHPWL(Amidated)
876,QDLKYQEREMVAELAQQIYRVAQAPWAGAVGPH
877,SSFSPRP(Amidated)
878,GSGFAFSPRL(Amidated)
879,GRSAFAFGPRP(Amidated)
880,SNFAFAPRP(Amidated)
881,ANFAFAPRP(Amidated)
882,TNFAFAPRP(Amidated)
883,DNFAFAPRP(Amidated)
884,ATFAFAPRP(Amidated)
885,VDEDGVSSFPSSPLLHRLGSSAPWGHVAANPMTSLLAGHLNLQPPMHTIQERMS
886,PLRILTPGVP
887,NPNMAEVLDERN
888,DEITNLEEPEDTTSIPYRWWWPLVSV
889,AEEQTEVDLPYDYVAGDLYDTLDDDEEEIEDEEDEEGNAAVLQD
890,ADSSSETEQTQAGQTWWFGEAEGTPATTLPPFLPSRLE
891,AAAASGGGGGVGEAVSALHPSVVGAPGGVMPPGSSSSGDSCGPIPVSAVMHIYRLI
892,APPSMRLRF(Amidated)
893,DMGWQVAQRSMPSLRLRF(Amidated)
894,NVDQADPILDHDLV
895,GATFGEEDMASQEQ
896,SGTDAVYEPGKSQALASVCQMAMEACTLWFPGAE
897,GSWPPSAPRTPATALLAPFLQGLATPRSPARSWQDKVMTQHRQHHQDQHLHHLEQQQQQQQQQQVFPAVYDEVALPRIPASLH
898,APIVDSSCKGQYSMYIWNKLYFVCEDCTNIFRTDGFEAQCRQGCFDTDIFAKCLRELSKDVNEYQIMATSLRGS
899,PLSLPPHHRLAPHNPDLIPDDQALALMSDPASRYEEGLLNELENPHSSSSYHLKQLISELADAITAAEELEGGAYGAPLPAEIAEAIVAAEGIEGGADGRPLPSDVAEAIAEAEAAAVMGGGLARPWED
900,APRCEKYDQPPPKHCKFGSTVDWCNNGICAKGPRESCGGYRWVDGKCGEGTFCSCGVCAGCSPFGGDCPVISPC
901,APRCAEYDREPPSDCKYGTAKDWCHNGICAQGPGDICGGYHDEKGVCGEGTYCDCGRCRGCSPFDTSCHPGQIC
902,TPLCPERNEIAPEDLSQCKYGVVLGWCGNAACGKGPDEPCGGRWEENGICGEGMYCVCGYCAGCTSTLECVLGRFC
903,GPVCASLNEVLPEMLPPCRHGVVRDYCDNAMCMKGPGETCGGRWNENGFCGKGLYCVCGYCAGCSKDLQCALGRFC
904,MGIAARTMISGLVRETPMPLGLENVLVLTPSGLERENHMAGPYSFGL(Amidated)
905,EEAAEIEDEYDQLGF(Amidated)
906,AGWSSLQ
907,DY(Sulfo)DDSDVE
908,ALPAQVKPDAAPLEEEDDLLYYTTYEDDY(Sulfo)GDHRA
909,SPINREPSRAVVEIDDPDY(Sulfo)VLELLTRFSNSII
910,SDAEEFGLPGGPLAFDNNVQEDDLTDY(Sulfo)PMEE
911,EDNLY(Sulfo)HDLSED
912,DEDNLY(Sulfo)HELSED
913,SLY(Sulfo)EQEGDEEEKSRSQLSSLLQQHQHQQQQQVSQILPNSPDSLTHWGANWDS
914,NEAVRLVQCDEEY(Sulfo)L(Amidated)
915,VPADY(Sulfo)DSLNDVYDWLADHAVN
